region,h,v,hv,ulx,uly,lrx,lry
HI,0,0,h0v0,-444345,2168895,-294345,2018895
HI,0,1,h0v1,-444345,2018895,-294345,1868895
HI,0,2,h0v2,-444345,1868895,-294345,1718895
HI,1,0,h1v0,-294345,2168895,-144345,2018895
HI,1,1,h1v1,-294345,2018895,-144345,1868895
HI,1,2,h1v2,-294345,1868895,-144345,1718895
HI,2,0,h2v0,-144345,2168895,5655,2018895
HI,2,1,h2v1,-144345,2018895,5655,1868895
HI,2,2,h2v2,-144345,1868895,5655,1718895
HI,3,0,h3v0,5655,2168895,155655,2018895
HI,3,1,h3v1,5655,2018895,155655,1868895
HI,3,2,h3v2,5655,1868895,155655,1718895
HI,4,0,h4v0,155655,2168895,305655,2018895
HI,4,1,h4v1,155655,2018895,305655,1868895
HI,4,2,h4v2,155655,1868895,305655,1718895
AK,0,0,h0v0,-851715,2474326,-701715,2324326
AK,0,1,h0v1,-851715,2324326,-701715,2174326
AK,0,2,h0v2,-851715,2174326,-701715,2024326
AK,0,3,h0v3,-851715,2024326,-701715,1874326
AK,0,4,h0v4,-851715,1874326,-701715,1724326
AK,0,5,h0v5,-851715,1724326,-701715,1574326
AK,0,6,h0v6,-851715,1574326,-701715,1424326
AK,0,7,h0v7,-851715,1424326,-701715,1274326
AK,0,8,h0v8,-851715,1274326,-701715,1124326
AK,0,9,h0v9,-851715,1124326,-701715,974325
AK,0,10,h0v10,-851715,974325,-701715,824325
AK,0,11,h0v11,-851715,824325,-701715,674325
AK,0,12,h0v12,-851715,674325,-701715,524325
AK,0,13,h0v13,-851715,524325,-701715,374325
AK,1,0,h1v0,-701715,2474326,-551715,2324326
AK,1,1,h1v1,-701715,2324326,-551715,2174326
AK,1,2,h1v2,-701715,2174326,-551715,2024326
AK,1,3,h1v3,-701715,2024326,-551715,1874326
AK,1,4,h1v4,-701715,1874326,-551715,1724326
AK,1,5,h1v5,-701715,1724326,-551715,1574326
AK,1,6,h1v6,-701715,1574326,-551715,1424326
AK,1,7,h1v7,-701715,1424326,-551715,1274326
AK,1,8,h1v8,-701715,1274326,-551715,1124326
AK,1,9,h1v9,-701715,1124326,-551715,974325
AK,1,10,h1v10,-701715,974325,-551715,824325
AK,1,11,h1v11,-701715,824325,-551715,674325
AK,1,12,h1v12,-701715,674325,-551715,524325
AK,1,13,h1v13,-701715,524325,-551715,374325
AK,2,0,h2v0,-551715,2474326,-401715,2324326
AK,2,1,h2v1,-551715,2324326,-401715,2174326
AK,2,2,h2v2,-551715,2174326,-401715,2024326
AK,2,3,h2v3,-551715,2024326,-401715,1874326
AK,2,4,h2v4,-551715,1874326,-401715,1724326
AK,2,5,h2v5,-551715,1724326,-401715,1574326
AK,2,6,h2v6,-551715,1574326,-401715,1424326
AK,2,7,h2v7,-551715,1424326,-401715,1274326
AK,2,8,h2v8,-551715,1274326,-401715,1124326
AK,2,9,h2v9,-551715,1124326,-401715,974325
AK,2,10,h2v10,-551715,974325,-401715,824325
AK,2,11,h2v11,-551715,824325,-401715,674325
AK,2,12,h2v12,-551715,674325,-401715,524325
AK,2,13,h2v13,-551715,524325,-401715,374325
AK,3,0,h3v0,-401715,2474326,-251715,2324326
AK,3,1,h3v1,-401715,2324326,-251715,2174326
AK,3,2,h3v2,-401715,2174326,-251715,2024326
AK,3,3,h3v3,-401715,2024326,-251715,1874326
AK,3,4,h3v4,-401715,1874326,-251715,1724326
AK,3,5,h3v5,-401715,1724326,-251715,1574326
AK,3,6,h3v6,-401715,1574326,-251715,1424326
AK,3,7,h3v7,-401715,1424326,-251715,1274326
AK,3,8,h3v8,-401715,1274326,-251715,1124326
AK,3,9,h3v9,-401715,1124326,-251715,974325
AK,3,10,h3v10,-401715,974325,-251715,824325
AK,3,11,h3v11,-401715,824325,-251715,674325
AK,3,12,h3v12,-401715,674325,-251715,524325
AK,3,13,h3v13,-401715,524325,-251715,374325
AK,4,0,h4v0,-251715,2474326,-101715,2324326
AK,4,1,h4v1,-251715,2324326,-101715,2174326
AK,4,2,h4v2,-251715,2174326,-101715,2024326
AK,4,3,h4v3,-251715,2024326,-101715,1874326
AK,4,4,h4v4,-251715,1874326,-101715,1724326
AK,4,5,h4v5,-251715,1724326,-101715,1574326
AK,4,6,h4v6,-251715,1574326,-101715,1424326
AK,4,7,h4v7,-251715,1424326,-101715,1274326
AK,4,8,h4v8,-251715,1274326,-101715,1124326
AK,4,9,h4v9,-251715,1124326,-101715,974325
AK,4,10,h4v10,-251715,974325,-101715,824325
AK,4,11,h4v11,-251715,824325,-101715,674325
AK,4,12,h4v12,-251715,674325,-101715,524325
AK,4,13,h4v13,-251715,524325,-101715,374325
AK,5,0,h5v0,-101715,2474326,48285,2324326
AK,5,1,h5v1,-101715,2324326,48285,2174326
AK,5,2,h5v2,-101715,2174326,48285,2024326
AK,5,3,h5v3,-101715,2024326,48285,1874326
AK,5,4,h5v4,-101715,1874326,48285,1724326
AK,5,5,h5v5,-101715,1724326,48285,1574326
AK,5,6,h5v6,-101715,1574326,48285,1424326
AK,5,7,h5v7,-101715,1424326,48285,1274326
AK,5,8,h5v8,-101715,1274326,48285,1124326
AK,5,9,h5v9,-101715,1124326,48285,974325
AK,5,10,h5v10,-101715,974325,48285,824325
AK,5,11,h5v11,-101715,824325,48285,674325
AK,5,12,h5v12,-101715,674325,48285,524325
AK,5,13,h5v13,-101715,524325,48285,374325
AK,6,0,h6v0,48285,2474326,198285,2324326
AK,6,1,h6v1,48285,2324326,198285,2174326
AK,6,2,h6v2,48285,2174326,198285,2024326
AK,6,3,h6v3,48285,2024326,198285,1874326
AK,6,4,h6v4,48285,1874326,198285,1724326
AK,6,5,h6v5,48285,1724326,198285,1574326
AK,6,6,h6v6,48285,1574326,198285,1424326
AK,6,7,h6v7,48285,1424326,198285,1274326
AK,6,8,h6v8,48285,1274326,198285,1124326
AK,6,9,h6v9,48285,1124326,198285,974325
AK,6,10,h6v10,48285,974325,198285,824325
AK,6,11,h6v11,48285,824325,198285,674325
AK,6,12,h6v12,48285,674325,198285,524325
AK,6,13,h6v13,48285,524325,198285,374325
AK,7,0,h7v0,198285,2474326,348285,2324326
AK,7,1,h7v1,198285,2324326,348285,2174326
AK,7,2,h7v2,198285,2174326,348285,2024326
AK,7,3,h7v3,198285,2024326,348285,1874326
AK,7,4,h7v4,198285,1874326,348285,1724326
AK,7,5,h7v5,198285,1724326,348285,1574326
AK,7,6,h7v6,198285,1574326,348285,1424326
AK,7,7,h7v7,198285,1424326,348285,1274326
AK,7,8,h7v8,198285,1274326,348285,1124326
AK,7,9,h7v9,198285,1124326,348285,974325
AK,7,10,h7v10,198285,974325,348285,824325
AK,7,11,h7v11,198285,824325,348285,674325
AK,7,12,h7v12,198285,674325,348285,524325
AK,7,13,h7v13,198285,524325,348285,374325
AK,8,0,h8v0,348285,2474326,498285,2324326
AK,8,1,h8v1,348285,2324326,498285,2174326
AK,8,2,h8v2,348285,2174326,498285,2024326
AK,8,3,h8v3,348285,2024326,498285,1874326
AK,8,4,h8v4,348285,1874326,498285,1724326
AK,8,5,h8v5,348285,1724326,498285,1574326
AK,8,6,h8v6,348285,1574326,498285,1424326
AK,8,7,h8v7,348285,1424326,498285,1274326
AK,8,8,h8v8,348285,1274326,498285,1124326
AK,8,9,h8v9,348285,1124326,498285,974325
AK,8,10,h8v10,348285,974325,498285,824325
AK,8,11,h8v11,348285,824325,498285,674325
AK,8,12,h8v12,348285,674325,498285,524325
AK,8,13,h8v13,348285,524325,498285,374325
AK,9,0,h9v0,498285,2474326,648285,2324326
AK,9,1,h9v1,498285,2324326,648285,2174326
AK,9,2,h9v2,498285,2174326,648285,2024326
AK,9,3,h9v3,498285,2024326,648285,1874326
AK,9,4,h9v4,498285,1874326,648285,1724326
AK,9,5,h9v5,498285,1724326,648285,1574326
AK,9,6,h9v6,498285,1574326,648285,1424326
AK,9,7,h9v7,498285,1424326,648285,1274326
AK,9,8,h9v8,498285,1274326,648285,1124326
AK,9,9,h9v9,498285,1124326,648285,974325
AK,9,10,h9v10,498285,974325,648285,824325
AK,9,11,h9v11,498285,824325,648285,674325
AK,9,12,h9v12,498285,674325,648285,524325
AK,9,13,h9v13,498285,524325,648285,374325
AK,10,0,h10v0,648285,2474326,798285,2324326
AK,10,1,h10v1,648285,2324326,798285,2174326
AK,10,2,h10v2,648285,2174326,798285,2024326
AK,10,3,h10v3,648285,2024326,798285,1874326
AK,10,4,h10v4,648285,1874326,798285,1724326
AK,10,5,h10v5,648285,1724326,798285,1574326
AK,10,6,h10v6,648285,1574326,798285,1424326
AK,10,7,h10v7,648285,1424326,798285,1274326
AK,10,8,h10v8,648285,1274326,798285,1124326
AK,10,9,h10v9,648285,1124326,798285,974325
AK,10,10,h10v10,648285,974325,798285,824325
AK,10,11,h10v11,648285,824325,798285,674325
AK,10,12,h10v12,648285,674325,798285,524325
AK,10,13,h10v13,648285,524325,798285,374325
AK,11,0,h11v0,798285,2474326,948285,2324326
AK,11,1,h11v1,798285,2324326,948285,2174326
AK,11,2,h11v2,798285,2174326,948285,2024326
AK,11,3,h11v3,798285,2024326,948285,1874326
AK,11,4,h11v4,798285,1874326,948285,1724326
AK,11,5,h11v5,798285,1724326,948285,1574326
AK,11,6,h11v6,798285,1574326,948285,1424326
AK,11,7,h11v7,798285,1424326,948285,1274326
AK,11,8,h11v8,798285,1274326,948285,1124326
AK,11,9,h11v9,798285,1124326,948285,974325
AK,11,10,h11v10,798285,974325,948285,824325
AK,11,11,h11v11,798285,824325,948285,674325
AK,11,12,h11v12,798285,674325,948285,524325
AK,11,13,h11v13,798285,524325,948285,374325
AK,12,0,h12v0,948285,2474326,1098286,2324326
AK,12,1,h12v1,948285,2324326,1098286,2174326
AK,12,2,h12v2,948285,2174326,1098286,2024326
AK,12,3,h12v3,948285,2024326,1098286,1874326
AK,12,4,h12v4,948285,1874326,1098286,1724326
AK,12,5,h12v5,948285,1724326,1098286,1574326
AK,12,6,h12v6,948285,1574326,1098286,1424326
AK,12,7,h12v7,948285,1424326,1098286,1274326
AK,12,8,h12v8,948285,1274326,1098286,1124326
AK,12,9,h12v9,948285,1124326,1098286,974325
AK,12,10,h12v10,948285,974325,1098286,824325
AK,12,11,h12v11,948285,824325,1098286,674325
AK,12,12,h12v12,948285,674325,1098286,524325
AK,12,13,h12v13,948285,524325,1098286,374325
AK,13,0,h13v0,1098286,2474326,1248286,2324326
AK,13,1,h13v1,1098286,2324326,1248286,2174326
AK,13,2,h13v2,1098286,2174326,1248286,2024326
AK,13,3,h13v3,1098286,2024326,1248286,1874326
AK,13,4,h13v4,1098286,1874326,1248286,1724326
AK,13,5,h13v5,1098286,1724326,1248286,1574326
AK,13,6,h13v6,1098286,1574326,1248286,1424326
AK,13,7,h13v7,1098286,1424326,1248286,1274326
AK,13,8,h13v8,1098286,1274326,1248286,1124326
AK,13,9,h13v9,1098286,1124326,1248286,974325
AK,13,10,h13v10,1098286,974325,1248286,824325
AK,13,11,h13v11,1098286,824325,1248286,674325
AK,13,12,h13v12,1098286,674325,1248286,524325
AK,13,13,h13v13,1098286,524325,1248286,374325
AK,14,0,h14v0,1248286,2474326,1398286,2324326
AK,14,1,h14v1,1248286,2324326,1398286,2174326
AK,14,2,h14v2,1248286,2174326,1398286,2024326
AK,14,3,h14v3,1248286,2024326,1398286,1874326
AK,14,4,h14v4,1248286,1874326,1398286,1724326
AK,14,5,h14v5,1248286,1724326,1398286,1574326
AK,14,6,h14v6,1248286,1574326,1398286,1424326
AK,14,7,h14v7,1248286,1424326,1398286,1274326
AK,14,8,h14v8,1248286,1274326,1398286,1124326
AK,14,9,h14v9,1248286,1124326,1398286,974325
AK,14,10,h14v10,1248286,974325,1398286,824325
AK,14,11,h14v11,1248286,824325,1398286,674325
AK,14,12,h14v12,1248286,674325,1398286,524325
AK,14,13,h14v13,1248286,524325,1398286,374325
AK,15,0,h15v0,1398286,2474326,1548286,2324326
AK,15,1,h15v1,1398286,2324326,1548286,2174326
AK,15,2,h15v2,1398286,2174326,1548286,2024326
AK,15,3,h15v3,1398286,2024326,1548286,1874326
AK,15,4,h15v4,1398286,1874326,1548286,1724326
AK,15,5,h15v5,1398286,1724326,1548286,1574326
AK,15,6,h15v6,1398286,1574326,1548286,1424326
AK,15,7,h15v7,1398286,1424326,1548286,1274326
AK,15,8,h15v8,1398286,1274326,1548286,1124326
AK,15,9,h15v9,1398286,1124326,1548286,974325
AK,15,10,h15v10,1398286,974325,1548286,824325
AK,15,11,h15v11,1398286,824325,1548286,674325
AK,15,12,h15v12,1398286,674325,1548286,524325
AK,15,13,h15v13,1398286,524325,1548286,374325
AK,16,0,h16v0,1548286,2474326,1698286,2324326
AK,16,1,h16v1,1548286,2324326,1698286,2174326
AK,16,2,h16v2,1548286,2174326,1698286,2024326
AK,16,3,h16v3,1548286,2024326,1698286,1874326
AK,16,4,h16v4,1548286,1874326,1698286,1724326
AK,16,5,h16v5,1548286,1724326,1698286,1574326
AK,16,6,h16v6,1548286,1574326,1698286,1424326
AK,16,7,h16v7,1548286,1424326,1698286,1274326
AK,16,8,h16v8,1548286,1274326,1698286,1124326
AK,16,9,h16v9,1548286,1124326,1698286,974325
AK,16,10,h16v10,1548286,974325,1698286,824325
AK,16,11,h16v11,1548286,824325,1698286,674325
AK,16,12,h16v12,1548286,674325,1698286,524325
AK,16,13,h16v13,1548286,524325,1698286,374325
CU,0,0,h0v0,-2565585,3314805,-2415585,3164805
CU,0,1,h0v1,-2565585,3164805,-2415585,3014805
CU,0,10,h0v10,-2565585,1814805,-2415585,1664805
CU,0,11,h0v11,-2565585,1664805,-2415585,1514805
CU,0,12,h0v12,-2565585,1514805,-2415585,1364805
CU,0,13,h0v13,-2565585,1364805,-2415585,1214805
CU,0,14,h0v14,-2565585,1214805,-2415585,1064805
CU,0,15,h0v15,-2565585,1064805,-2415585,914805
CU,0,16,h0v16,-2565585,914805,-2415585,764805
CU,0,17,h0v17,-2565585,764805,-2415585,614805
CU,0,18,h0v18,-2565585,614805,-2415585,464805
CU,0,19,h0v19,-2565585,464805,-2415585,314805
CU,0,2,h0v2,-2565585,3014805,-2415585,2864805
CU,0,20,h0v20,-2565585,314805,-2415585,164805
CU,0,21,h0v21,-2565585,164805,-2415585,14805
CU,0,3,h0v3,-2565585,2864805,-2415585,2714805
CU,0,4,h0v4,-2565585,2714805,-2415585,2564805
CU,0,5,h0v5,-2565585,2564805,-2415585,2414805
CU,0,6,h0v6,-2565585,2414805,-2415585,2264805
CU,0,7,h0v7,-2565585,2264805,-2415585,2114805
CU,0,8,h0v8,-2565585,2114805,-2415585,1964805
CU,0,9,h0v9,-2565585,1964805,-2415585,1814805
CU,10,0,h10v0,-1065585,3314805,-915585,3164805
CU,10,1,h10v1,-1065585,3164805,-915585,3014805
CU,10,10,h10v10,-1065585,1814805,-915585,1664805
CU,10,11,h10v11,-1065585,1664805,-915585,1514805
CU,10,12,h10v12,-1065585,1514805,-915585,1364805
CU,10,13,h10v13,-1065585,1364805,-915585,1214805
CU,10,14,h10v14,-1065585,1214805,-915585,1064805
CU,10,15,h10v15,-1065585,1064805,-915585,914805
CU,10,16,h10v16,-1065585,914805,-915585,764805
CU,10,17,h10v17,-1065585,764805,-915585,614805
CU,10,18,h10v18,-1065585,614805,-915585,464805
CU,10,19,h10v19,-1065585,464805,-915585,314805
CU,10,2,h10v2,-1065585,3014805,-915585,2864805
CU,10,20,h10v20,-1065585,314805,-915585,164805
CU,10,21,h10v21,-1065585,164805,-915585,14805
CU,10,3,h10v3,-1065585,2864805,-915585,2714805
CU,10,4,h10v4,-1065585,2714805,-915585,2564805
CU,10,5,h10v5,-1065585,2564805,-915585,2414805
CU,10,6,h10v6,-1065585,2414805,-915585,2264805
CU,10,7,h10v7,-1065585,2264805,-915585,2114805
CU,10,8,h10v8,-1065585,2114805,-915585,1964805
CU,10,9,h10v9,-1065585,1964805,-915585,1814805
CU,11,0,h11v0,-915585,3314805,-765585,3164805
CU,11,1,h11v1,-915585,3164805,-765585,3014805
CU,11,10,h11v10,-915585,1814805,-765585,1664805
CU,11,11,h11v11,-915585,1664805,-765585,1514805
CU,11,12,h11v12,-915585,1514805,-765585,1364805
CU,11,13,h11v13,-915585,1364805,-765585,1214805
CU,11,14,h11v14,-915585,1214805,-765585,1064805
CU,11,15,h11v15,-915585,1064805,-765585,914805
CU,11,16,h11v16,-915585,914805,-765585,764805
CU,11,17,h11v17,-915585,764805,-765585,614805
CU,11,18,h11v18,-915585,614805,-765585,464805
CU,11,19,h11v19,-915585,464805,-765585,314805
CU,11,2,h11v2,-915585,3014805,-765585,2864805
CU,11,20,h11v20,-915585,314805,-765585,164805
CU,11,21,h11v21,-915585,164805,-765585,14805
CU,11,3,h11v3,-915585,2864805,-765585,2714805
CU,11,4,h11v4,-915585,2714805,-765585,2564805
CU,11,5,h11v5,-915585,2564805,-765585,2414805
CU,11,6,h11v6,-915585,2414805,-765585,2264805
CU,11,7,h11v7,-915585,2264805,-765585,2114805
CU,11,8,h11v8,-915585,2114805,-765585,1964805
CU,11,9,h11v9,-915585,1964805,-765585,1814805
CU,12,0,h12v0,-765585,3314805,-615585,3164805
CU,12,1,h12v1,-765585,3164805,-615585,3014805
CU,12,10,h12v10,-765585,1814805,-615585,1664805
CU,12,11,h12v11,-765585,1664805,-615585,1514805
CU,12,12,h12v12,-765585,1514805,-615585,1364805
CU,12,13,h12v13,-765585,1364805,-615585,1214805
CU,12,14,h12v14,-765585,1214805,-615585,1064805
CU,12,15,h12v15,-765585,1064805,-615585,914805
CU,12,16,h12v16,-765585,914805,-615585,764805
CU,12,17,h12v17,-765585,764805,-615585,614805
CU,12,18,h12v18,-765585,614805,-615585,464805
CU,12,19,h12v19,-765585,464805,-615585,314805
CU,12,2,h12v2,-765585,3014805,-615585,2864805
CU,12,20,h12v20,-765585,314805,-615585,164805
CU,12,21,h12v21,-765585,164805,-615585,14805
CU,12,3,h12v3,-765585,2864805,-615585,2714805
CU,12,4,h12v4,-765585,2714805,-615585,2564805
CU,12,5,h12v5,-765585,2564805,-615585,2414805
CU,12,6,h12v6,-765585,2414805,-615585,2264805
CU,12,7,h12v7,-765585,2264805,-615585,2114805
CU,12,8,h12v8,-765585,2114805,-615585,1964805
CU,12,9,h12v9,-765585,1964805,-615585,1814805
CU,13,0,h13v0,-615585,3314805,-465585,3164805
CU,13,1,h13v1,-615585,3164805,-465585,3014805
CU,13,10,h13v10,-615585,1814805,-465585,1664805
CU,13,11,h13v11,-615585,1664805,-465585,1514805
CU,13,12,h13v12,-615585,1514805,-465585,1364805
CU,13,13,h13v13,-615585,1364805,-465585,1214805
CU,13,14,h13v14,-615585,1214805,-465585,1064805
CU,13,15,h13v15,-615585,1064805,-465585,914805
CU,13,16,h13v16,-615585,914805,-465585,764805
CU,13,17,h13v17,-615585,764805,-465585,614805
CU,13,18,h13v18,-615585,614805,-465585,464805
CU,13,19,h13v19,-615585,464805,-465585,314805
CU,13,2,h13v2,-615585,3014805,-465585,2864805
CU,13,20,h13v20,-615585,314805,-465585,164805
CU,13,21,h13v21,-615585,164805,-465585,14805
CU,13,3,h13v3,-615585,2864805,-465585,2714805
CU,13,4,h13v4,-615585,2714805,-465585,2564805
CU,13,5,h13v5,-615585,2564805,-465585,2414805
CU,13,6,h13v6,-615585,2414805,-465585,2264805
CU,13,7,h13v7,-615585,2264805,-465585,2114805
CU,13,8,h13v8,-615585,2114805,-465585,1964805
CU,13,9,h13v9,-615585,1964805,-465585,1814805
CU,14,0,h14v0,-465585,3314805,-315585,3164805
CU,14,1,h14v1,-465585,3164805,-315585,3014805
CU,14,10,h14v10,-465585,1814805,-315585,1664805
CU,14,11,h14v11,-465585,1664805,-315585,1514805
CU,14,12,h14v12,-465585,1514805,-315585,1364805
CU,14,13,h14v13,-465585,1364805,-315585,1214805
CU,14,14,h14v14,-465585,1214805,-315585,1064805
CU,14,15,h14v15,-465585,1064805,-315585,914805
CU,14,16,h14v16,-465585,914805,-315585,764805
CU,14,17,h14v17,-465585,764805,-315585,614805
CU,14,18,h14v18,-465585,614805,-315585,464805
CU,14,19,h14v19,-465585,464805,-315585,314805
CU,14,2,h14v2,-465585,3014805,-315585,2864805
CU,14,20,h14v20,-465585,314805,-315585,164805
CU,14,21,h14v21,-465585,164805,-315585,14805
CU,14,3,h14v3,-465585,2864805,-315585,2714805
CU,14,4,h14v4,-465585,2714805,-315585,2564805
CU,14,5,h14v5,-465585,2564805,-315585,2414805
CU,14,6,h14v6,-465585,2414805,-315585,2264805
CU,14,7,h14v7,-465585,2264805,-315585,2114805
CU,14,8,h14v8,-465585,2114805,-315585,1964805
CU,14,9,h14v9,-465585,1964805,-315585,1814805
CU,15,0,h15v0,-315585,3314805,-165585,3164805
CU,15,1,h15v1,-315585,3164805,-165585,3014805
CU,15,10,h15v10,-315585,1814805,-165585,1664805
CU,15,11,h15v11,-315585,1664805,-165585,1514805
CU,15,12,h15v12,-315585,1514805,-165585,1364805
CU,15,13,h15v13,-315585,1364805,-165585,1214805
CU,15,14,h15v14,-315585,1214805,-165585,1064805
CU,15,15,h15v15,-315585,1064805,-165585,914805
CU,15,16,h15v16,-315585,914805,-165585,764805
CU,15,17,h15v17,-315585,764805,-165585,614805
CU,15,18,h15v18,-315585,614805,-165585,464805
CU,15,19,h15v19,-315585,464805,-165585,314805
CU,15,2,h15v2,-315585,3014805,-165585,2864805
CU,15,20,h15v20,-315585,314805,-165585,164805
CU,15,21,h15v21,-315585,164805,-165585,14805
CU,15,3,h15v3,-315585,2864805,-165585,2714805
CU,15,4,h15v4,-315585,2714805,-165585,2564805
CU,15,5,h15v5,-315585,2564805,-165585,2414805
CU,15,6,h15v6,-315585,2414805,-165585,2264805
CU,15,7,h15v7,-315585,2264805,-165585,2114805
CU,15,8,h15v8,-315585,2114805,-165585,1964805
CU,15,9,h15v9,-315585,1964805,-165585,1814805
CU,16,0,h16v0,-165585,3314805,-15585,3164805
CU,16,1,h16v1,-165585,3164805,-15585,3014805
CU,16,10,h16v10,-165585,1814805,-15585,1664805
CU,16,11,h16v11,-165585,1664805,-15585,1514805
CU,16,12,h16v12,-165585,1514805,-15585,1364805
CU,16,13,h16v13,-165585,1364805,-15585,1214805
CU,16,14,h16v14,-165585,1214805,-15585,1064805
CU,16,15,h16v15,-165585,1064805,-15585,914805
CU,16,16,h16v16,-165585,914805,-15585,764805
CU,16,17,h16v17,-165585,764805,-15585,614805
CU,16,18,h16v18,-165585,614805,-15585,464805
CU,16,19,h16v19,-165585,464805,-15585,314805
CU,16,2,h16v2,-165585,3014805,-15585,2864805
CU,16,20,h16v20,-165585,314805,-15585,164805
CU,16,21,h16v21,-165585,164805,-15585,14805
CU,16,3,h16v3,-165585,2864805,-15585,2714805
CU,16,4,h16v4,-165585,2714805,-15585,2564805
CU,16,5,h16v5,-165585,2564805,-15585,2414805
CU,16,6,h16v6,-165585,2414805,-15585,2264805
CU,16,7,h16v7,-165585,2264805,-15585,2114805
CU,16,8,h16v8,-165585,2114805,-15585,1964805
CU,16,9,h16v9,-165585,1964805,-15585,1814805
CU,17,0,h17v0,-15585,3314805,134415,3164805
CU,17,1,h17v1,-15585,3164805,134415,3014805
CU,17,10,h17v10,-15585,1814805,134415,1664805
CU,17,11,h17v11,-15585,1664805,134415,1514805
CU,17,12,h17v12,-15585,1514805,134415,1364805
CU,17,13,h17v13,-15585,1364805,134415,1214805
CU,17,14,h17v14,-15585,1214805,134415,1064805
CU,17,15,h17v15,-15585,1064805,134415,914805
CU,17,16,h17v16,-15585,914805,134415,764805
CU,17,17,h17v17,-15585,764805,134415,614805
CU,17,18,h17v18,-15585,614805,134415,464805
CU,17,19,h17v19,-15585,464805,134415,314805
CU,17,2,h17v2,-15585,3014805,134415,2864805
CU,17,20,h17v20,-15585,314805,134415,164805
CU,17,21,h17v21,-15585,164805,134415,14805
CU,17,3,h17v3,-15585,2864805,134415,2714805
CU,17,4,h17v4,-15585,2714805,134415,2564805
CU,17,5,h17v5,-15585,2564805,134415,2414805
CU,17,6,h17v6,-15585,2414805,134415,2264805
CU,17,7,h17v7,-15585,2264805,134415,2114805
CU,17,8,h17v8,-15585,2114805,134415,1964805
CU,17,9,h17v9,-15585,1964805,134415,1814805
CU,18,0,h18v0,134415,3314805,284415,3164805
CU,18,1,h18v1,134415,3164805,284415,3014805
CU,18,10,h18v10,134415,1814805,284415,1664805
CU,18,11,h18v11,134415,1664805,284415,1514805
CU,18,12,h18v12,134415,1514805,284415,1364805
CU,18,13,h18v13,134415,1364805,284415,1214805
CU,18,14,h18v14,134415,1214805,284415,1064805
CU,18,15,h18v15,134415,1064805,284415,914805
CU,18,16,h18v16,134415,914805,284415,764805
CU,18,17,h18v17,134415,764805,284415,614805
CU,18,18,h18v18,134415,614805,284415,464805
CU,18,19,h18v19,134415,464805,284415,314805
CU,18,2,h18v2,134415,3014805,284415,2864805
CU,18,20,h18v20,134415,314805,284415,164805
CU,18,21,h18v21,134415,164805,284415,14805
CU,18,3,h18v3,134415,2864805,284415,2714805
CU,18,4,h18v4,134415,2714805,284415,2564805
CU,18,5,h18v5,134415,2564805,284415,2414805
CU,18,6,h18v6,134415,2414805,284415,2264805
CU,18,7,h18v7,134415,2264805,284415,2114805
CU,18,8,h18v8,134415,2114805,284415,1964805
CU,18,9,h18v9,134415,1964805,284415,1814805
CU,19,0,h19v0,284415,3314805,434415,3164805
CU,19,1,h19v1,284415,3164805,434415,3014805
CU,19,10,h19v10,284415,1814805,434415,1664805
CU,19,11,h19v11,284415,1664805,434415,1514805
CU,19,12,h19v12,284415,1514805,434415,1364805
CU,19,13,h19v13,284415,1364805,434415,1214805
CU,19,14,h19v14,284415,1214805,434415,1064805
CU,19,15,h19v15,284415,1064805,434415,914805
CU,19,16,h19v16,284415,914805,434415,764805
CU,19,17,h19v17,284415,764805,434415,614805
CU,19,18,h19v18,284415,614805,434415,464805
CU,19,19,h19v19,284415,464805,434415,314805
CU,19,2,h19v2,284415,3014805,434415,2864805
CU,19,20,h19v20,284415,314805,434415,164805
CU,19,21,h19v21,284415,164805,434415,14805
CU,19,3,h19v3,284415,2864805,434415,2714805
CU,19,4,h19v4,284415,2714805,434415,2564805
CU,19,5,h19v5,284415,2564805,434415,2414805
CU,19,6,h19v6,284415,2414805,434415,2264805
CU,19,7,h19v7,284415,2264805,434415,2114805
CU,19,8,h19v8,284415,2114805,434415,1964805
CU,19,9,h19v9,284415,1964805,434415,1814805
CU,1,0,h1v0,-2415585,3314805,-2265585,3164805
CU,1,1,h1v1,-2415585,3164805,-2265585,3014805
CU,1,10,h1v10,-2415585,1814805,-2265585,1664805
CU,1,11,h1v11,-2415585,1664805,-2265585,1514805
CU,1,12,h1v12,-2415585,1514805,-2265585,1364805
CU,1,13,h1v13,-2415585,1364805,-2265585,1214805
CU,1,14,h1v14,-2415585,1214805,-2265585,1064805
CU,1,15,h1v15,-2415585,1064805,-2265585,914805
CU,1,16,h1v16,-2415585,914805,-2265585,764805
CU,1,17,h1v17,-2415585,764805,-2265585,614805
CU,1,18,h1v18,-2415585,614805,-2265585,464805
CU,1,19,h1v19,-2415585,464805,-2265585,314805
CU,1,2,h1v2,-2415585,3014805,-2265585,2864805
CU,1,20,h1v20,-2415585,314805,-2265585,164805
CU,1,21,h1v21,-2415585,164805,-2265585,14805
CU,1,3,h1v3,-2415585,2864805,-2265585,2714805
CU,1,4,h1v4,-2415585,2714805,-2265585,2564805
CU,1,5,h1v5,-2415585,2564805,-2265585,2414805
CU,1,6,h1v6,-2415585,2414805,-2265585,2264805
CU,1,7,h1v7,-2415585,2264805,-2265585,2114805
CU,1,8,h1v8,-2415585,2114805,-2265585,1964805
CU,1,9,h1v9,-2415585,1964805,-2265585,1814805
CU,20,0,h20v0,434415,3314805,584415,3164805
CU,20,1,h20v1,434415,3164805,584415,3014805
CU,20,10,h20v10,434415,1814805,584415,1664805
CU,20,11,h20v11,434415,1664805,584415,1514805
CU,20,12,h20v12,434415,1514805,584415,1364805
CU,20,13,h20v13,434415,1364805,584415,1214805
CU,20,14,h20v14,434415,1214805,584415,1064805
CU,20,15,h20v15,434415,1064805,584415,914805
CU,20,16,h20v16,434415,914805,584415,764805
CU,20,17,h20v17,434415,764805,584415,614805
CU,20,18,h20v18,434415,614805,584415,464805
CU,20,19,h20v19,434415,464805,584415,314805
CU,20,2,h20v2,434415,3014805,584415,2864805
CU,20,20,h20v20,434415,314805,584415,164805
CU,20,21,h20v21,434415,164805,584415,14805
CU,20,3,h20v3,434415,2864805,584415,2714805
CU,20,4,h20v4,434415,2714805,584415,2564805
CU,20,5,h20v5,434415,2564805,584415,2414805
CU,20,6,h20v6,434415,2414805,584415,2264805
CU,20,7,h20v7,434415,2264805,584415,2114805
CU,20,8,h20v8,434415,2114805,584415,1964805
CU,20,9,h20v9,434415,1964805,584415,1814805
CU,21,0,h21v0,584415,3314805,734415,3164805
CU,21,1,h21v1,584415,3164805,734415,3014805
CU,21,10,h21v10,584415,1814805,734415,1664805
CU,21,11,h21v11,584415,1664805,734415,1514805
CU,21,12,h21v12,584415,1514805,734415,1364805
CU,21,13,h21v13,584415,1364805,734415,1214805
CU,21,14,h21v14,584415,1214805,734415,1064805
CU,21,15,h21v15,584415,1064805,734415,914805
CU,21,16,h21v16,584415,914805,734415,764805
CU,21,17,h21v17,584415,764805,734415,614805
CU,21,18,h21v18,584415,614805,734415,464805
CU,21,19,h21v19,584415,464805,734415,314805
CU,21,2,h21v2,584415,3014805,734415,2864805
CU,21,20,h21v20,584415,314805,734415,164805
CU,21,21,h21v21,584415,164805,734415,14805
CU,21,3,h21v3,584415,2864805,734415,2714805
CU,21,4,h21v4,584415,2714805,734415,2564805
CU,21,5,h21v5,584415,2564805,734415,2414805
CU,21,6,h21v6,584415,2414805,734415,2264805
CU,21,7,h21v7,584415,2264805,734415,2114805
CU,21,8,h21v8,584415,2114805,734415,1964805
CU,21,9,h21v9,584415,1964805,734415,1814805
CU,22,0,h22v0,734415,3314805,884415,3164805
CU,22,1,h22v1,734415,3164805,884415,3014805
CU,22,10,h22v10,734415,1814805,884415,1664805
CU,22,11,h22v11,734415,1664805,884415,1514805
CU,22,12,h22v12,734415,1514805,884415,1364805
CU,22,13,h22v13,734415,1364805,884415,1214805
CU,22,14,h22v14,734415,1214805,884415,1064805
CU,22,15,h22v15,734415,1064805,884415,914805
CU,22,16,h22v16,734415,914805,884415,764805
CU,22,17,h22v17,734415,764805,884415,614805
CU,22,18,h22v18,734415,614805,884415,464805
CU,22,19,h22v19,734415,464805,884415,314805
CU,22,2,h22v2,734415,3014805,884415,2864805
CU,22,20,h22v20,734415,314805,884415,164805
CU,22,21,h22v21,734415,164805,884415,14805
CU,22,3,h22v3,734415,2864805,884415,2714805
CU,22,4,h22v4,734415,2714805,884415,2564805
CU,22,5,h22v5,734415,2564805,884415,2414805
CU,22,6,h22v6,734415,2414805,884415,2264805
CU,22,7,h22v7,734415,2264805,884415,2114805
CU,22,8,h22v8,734415,2114805,884415,1964805
CU,22,9,h22v9,734415,1964805,884415,1814805
CU,23,0,h23v0,884415,3314805,1034415,3164805
CU,23,1,h23v1,884415,3164805,1034415,3014805
CU,23,10,h23v10,884415,1814805,1034415,1664805
CU,23,11,h23v11,884415,1664805,1034415,1514805
CU,23,12,h23v12,884415,1514805,1034415,1364805
CU,23,13,h23v13,884415,1364805,1034415,1214805
CU,23,14,h23v14,884415,1214805,1034415,1064805
CU,23,15,h23v15,884415,1064805,1034415,914805
CU,23,16,h23v16,884415,914805,1034415,764805
CU,23,17,h23v17,884415,764805,1034415,614805
CU,23,18,h23v18,884415,614805,1034415,464805
CU,23,19,h23v19,884415,464805,1034415,314805
CU,23,2,h23v2,884415,3014805,1034415,2864805
CU,23,20,h23v20,884415,314805,1034415,164805
CU,23,21,h23v21,884415,164805,1034415,14805
CU,23,3,h23v3,884415,2864805,1034415,2714805
CU,23,4,h23v4,884415,2714805,1034415,2564805
CU,23,5,h23v5,884415,2564805,1034415,2414805
CU,23,6,h23v6,884415,2414805,1034415,2264805
CU,23,7,h23v7,884415,2264805,1034415,2114805
CU,23,8,h23v8,884415,2114805,1034415,1964805
CU,23,9,h23v9,884415,1964805,1034415,1814805
CU,24,0,h24v0,1034415,3314805,1184415,3164805
CU,24,1,h24v1,1034415,3164805,1184415,3014805
CU,24,10,h24v10,1034415,1814805,1184415,1664805
CU,24,11,h24v11,1034415,1664805,1184415,1514805
CU,24,12,h24v12,1034415,1514805,1184415,1364805
CU,24,13,h24v13,1034415,1364805,1184415,1214805
CU,24,14,h24v14,1034415,1214805,1184415,1064805
CU,24,15,h24v15,1034415,1064805,1184415,914805
CU,24,16,h24v16,1034415,914805,1184415,764805
CU,24,17,h24v17,1034415,764805,1184415,614805
CU,24,18,h24v18,1034415,614805,1184415,464805
CU,24,19,h24v19,1034415,464805,1184415,314805
CU,24,2,h24v2,1034415,3014805,1184415,2864805
CU,24,20,h24v20,1034415,314805,1184415,164805
CU,24,21,h24v21,1034415,164805,1184415,14805
CU,24,3,h24v3,1034415,2864805,1184415,2714805
CU,24,4,h24v4,1034415,2714805,1184415,2564805
CU,24,5,h24v5,1034415,2564805,1184415,2414805
CU,24,6,h24v6,1034415,2414805,1184415,2264805
CU,24,7,h24v7,1034415,2264805,1184415,2114805
CU,24,8,h24v8,1034415,2114805,1184415,1964805
CU,24,9,h24v9,1034415,1964805,1184415,1814805
CU,25,0,h25v0,1184415,3314805,1334415,3164805
CU,25,1,h25v1,1184415,3164805,1334415,3014805
CU,25,10,h25v10,1184415,1814805,1334415,1664805
CU,25,11,h25v11,1184415,1664805,1334415,1514805
CU,25,12,h25v12,1184415,1514805,1334415,1364805
CU,25,13,h25v13,1184415,1364805,1334415,1214805
CU,25,14,h25v14,1184415,1214805,1334415,1064805
CU,25,15,h25v15,1184415,1064805,1334415,914805
CU,25,16,h25v16,1184415,914805,1334415,764805
CU,25,17,h25v17,1184415,764805,1334415,614805
CU,25,18,h25v18,1184415,614805,1334415,464805
CU,25,19,h25v19,1184415,464805,1334415,314805
CU,25,2,h25v2,1184415,3014805,1334415,2864805
CU,25,20,h25v20,1184415,314805,1334415,164805
CU,25,21,h25v21,1184415,164805,1334415,14805
CU,25,3,h25v3,1184415,2864805,1334415,2714805
CU,25,4,h25v4,1184415,2714805,1334415,2564805
CU,25,5,h25v5,1184415,2564805,1334415,2414805
CU,25,6,h25v6,1184415,2414805,1334415,2264805
CU,25,7,h25v7,1184415,2264805,1334415,2114805
CU,25,8,h25v8,1184415,2114805,1334415,1964805
CU,25,9,h25v9,1184415,1964805,1334415,1814805
CU,26,0,h26v0,1334415,3314805,1484415,3164805
CU,26,1,h26v1,1334415,3164805,1484415,3014805
CU,26,10,h26v10,1334415,1814805,1484415,1664805
CU,26,11,h26v11,1334415,1664805,1484415,1514805
CU,26,12,h26v12,1334415,1514805,1484415,1364805
CU,26,13,h26v13,1334415,1364805,1484415,1214805
CU,26,14,h26v14,1334415,1214805,1484415,1064805
CU,26,15,h26v15,1334415,1064805,1484415,914805
CU,26,16,h26v16,1334415,914805,1484415,764805
CU,26,17,h26v17,1334415,764805,1484415,614805
CU,26,18,h26v18,1334415,614805,1484415,464805
CU,26,19,h26v19,1334415,464805,1484415,314805
CU,26,2,h26v2,1334415,3014805,1484415,2864805
CU,26,20,h26v20,1334415,314805,1484415,164805
CU,26,21,h26v21,1334415,164805,1484415,14805
CU,26,3,h26v3,1334415,2864805,1484415,2714805
CU,26,4,h26v4,1334415,2714805,1484415,2564805
CU,26,5,h26v5,1334415,2564805,1484415,2414805
CU,26,6,h26v6,1334415,2414805,1484415,2264805
CU,26,7,h26v7,1334415,2264805,1484415,2114805
CU,26,8,h26v8,1334415,2114805,1484415,1964805
CU,26,9,h26v9,1334415,1964805,1484415,1814805
CU,27,0,h27v0,1484415,3314805,1634415,3164805
CU,27,1,h27v1,1484415,3164805,1634415,3014805
CU,27,10,h27v10,1484415,1814805,1634415,1664805
CU,27,11,h27v11,1484415,1664805,1634415,1514805
CU,27,12,h27v12,1484415,1514805,1634415,1364805
CU,27,13,h27v13,1484415,1364805,1634415,1214805
CU,27,14,h27v14,1484415,1214805,1634415,1064805
CU,27,15,h27v15,1484415,1064805,1634415,914805
CU,27,16,h27v16,1484415,914805,1634415,764805
CU,27,17,h27v17,1484415,764805,1634415,614805
CU,27,18,h27v18,1484415,614805,1634415,464805
CU,27,19,h27v19,1484415,464805,1634415,314805
CU,27,2,h27v2,1484415,3014805,1634415,2864805
CU,27,20,h27v20,1484415,314805,1634415,164805
CU,27,21,h27v21,1484415,164805,1634415,14805
CU,27,3,h27v3,1484415,2864805,1634415,2714805
CU,27,4,h27v4,1484415,2714805,1634415,2564805
CU,27,5,h27v5,1484415,2564805,1634415,2414805
CU,27,6,h27v6,1484415,2414805,1634415,2264805
CU,27,7,h27v7,1484415,2264805,1634415,2114805
CU,27,8,h27v8,1484415,2114805,1634415,1964805
CU,27,9,h27v9,1484415,1964805,1634415,1814805
CU,28,0,h28v0,1634415,3314805,1784415,3164805
CU,28,1,h28v1,1634415,3164805,1784415,3014805
CU,28,10,h28v10,1634415,1814805,1784415,1664805
CU,28,11,h28v11,1634415,1664805,1784415,1514805
CU,28,12,h28v12,1634415,1514805,1784415,1364805
CU,28,13,h28v13,1634415,1364805,1784415,1214805
CU,28,14,h28v14,1634415,1214805,1784415,1064805
CU,28,15,h28v15,1634415,1064805,1784415,914805
CU,28,16,h28v16,1634415,914805,1784415,764805
CU,28,17,h28v17,1634415,764805,1784415,614805
CU,28,18,h28v18,1634415,614805,1784415,464805
CU,28,19,h28v19,1634415,464805,1784415,314805
CU,28,2,h28v2,1634415,3014805,1784415,2864805
CU,28,20,h28v20,1634415,314805,1784415,164805
CU,28,21,h28v21,1634415,164805,1784415,14805
CU,28,3,h28v3,1634415,2864805,1784415,2714805
CU,28,4,h28v4,1634415,2714805,1784415,2564805
CU,28,5,h28v5,1634415,2564805,1784415,2414805
CU,28,6,h28v6,1634415,2414805,1784415,2264805
CU,28,7,h28v7,1634415,2264805,1784415,2114805
CU,28,8,h28v8,1634415,2114805,1784415,1964805
CU,28,9,h28v9,1634415,1964805,1784415,1814805
CU,29,0,h29v0,1784415,3314805,1934415,3164805
CU,29,1,h29v1,1784415,3164805,1934415,3014805
CU,29,10,h29v10,1784415,1814805,1934415,1664805
CU,29,11,h29v11,1784415,1664805,1934415,1514805
CU,29,12,h29v12,1784415,1514805,1934415,1364805
CU,29,13,h29v13,1784415,1364805,1934415,1214805
CU,29,14,h29v14,1784415,1214805,1934415,1064805
CU,29,15,h29v15,1784415,1064805,1934415,914805
CU,29,16,h29v16,1784415,914805,1934415,764805
CU,29,17,h29v17,1784415,764805,1934415,614805
CU,29,18,h29v18,1784415,614805,1934415,464805
CU,29,19,h29v19,1784415,464805,1934415,314805
CU,29,2,h29v2,1784415,3014805,1934415,2864805
CU,29,20,h29v20,1784415,314805,1934415,164805
CU,29,21,h29v21,1784415,164805,1934415,14805
CU,29,3,h29v3,1784415,2864805,1934415,2714805
CU,29,4,h29v4,1784415,2714805,1934415,2564805
CU,29,5,h29v5,1784415,2564805,1934415,2414805
CU,29,6,h29v6,1784415,2414805,1934415,2264805
CU,29,7,h29v7,1784415,2264805,1934415,2114805
CU,29,8,h29v8,1784415,2114805,1934415,1964805
CU,29,9,h29v9,1784415,1964805,1934415,1814805
CU,2,0,h2v0,-2265585,3314805,-2115585,3164805
CU,2,1,h2v1,-2265585,3164805,-2115585,3014805
CU,2,10,h2v10,-2265585,1814805,-2115585,1664805
CU,2,11,h2v11,-2265585,1664805,-2115585,1514805
CU,2,12,h2v12,-2265585,1514805,-2115585,1364805
CU,2,13,h2v13,-2265585,1364805,-2115585,1214805
CU,2,14,h2v14,-2265585,1214805,-2115585,1064805
CU,2,15,h2v15,-2265585,1064805,-2115585,914805
CU,2,16,h2v16,-2265585,914805,-2115585,764805
CU,2,17,h2v17,-2265585,764805,-2115585,614805
CU,2,18,h2v18,-2265585,614805,-2115585,464805
CU,2,19,h2v19,-2265585,464805,-2115585,314805
CU,2,2,h2v2,-2265585,3014805,-2115585,2864805
CU,2,20,h2v20,-2265585,314805,-2115585,164805
CU,2,21,h2v21,-2265585,164805,-2115585,14805
CU,2,3,h2v3,-2265585,2864805,-2115585,2714805
CU,2,4,h2v4,-2265585,2714805,-2115585,2564805
CU,2,5,h2v5,-2265585,2564805,-2115585,2414805
CU,2,6,h2v6,-2265585,2414805,-2115585,2264805
CU,2,7,h2v7,-2265585,2264805,-2115585,2114805
CU,2,8,h2v8,-2265585,2114805,-2115585,1964805
CU,2,9,h2v9,-2265585,1964805,-2115585,1814805
CU,30,0,h30v0,1934415,3314805,2084415,3164805
CU,30,1,h30v1,1934415,3164805,2084415,3014805
CU,30,10,h30v10,1934415,1814805,2084415,1664805
CU,30,11,h30v11,1934415,1664805,2084415,1514805
CU,30,12,h30v12,1934415,1514805,2084415,1364805
CU,30,13,h30v13,1934415,1364805,2084415,1214805
CU,30,14,h30v14,1934415,1214805,2084415,1064805
CU,30,15,h30v15,1934415,1064805,2084415,914805
CU,30,16,h30v16,1934415,914805,2084415,764805
CU,30,17,h30v17,1934415,764805,2084415,614805
CU,30,18,h30v18,1934415,614805,2084415,464805
CU,30,19,h30v19,1934415,464805,2084415,314805
CU,30,2,h30v2,1934415,3014805,2084415,2864805
CU,30,20,h30v20,1934415,314805,2084415,164805
CU,30,21,h30v21,1934415,164805,2084415,14805
CU,30,3,h30v3,1934415,2864805,2084415,2714805
CU,30,4,h30v4,1934415,2714805,2084415,2564805
CU,30,5,h30v5,1934415,2564805,2084415,2414805
CU,30,6,h30v6,1934415,2414805,2084415,2264805
CU,30,7,h30v7,1934415,2264805,2084415,2114805
CU,30,8,h30v8,1934415,2114805,2084415,1964805
CU,30,9,h30v9,1934415,1964805,2084415,1814805
CU,31,0,h31v0,2084415,3314805,2234415,3164805
CU,31,1,h31v1,2084415,3164805,2234415,3014805
CU,31,10,h31v10,2084415,1814805,2234415,1664805
CU,31,11,h31v11,2084415,1664805,2234415,1514805
CU,31,12,h31v12,2084415,1514805,2234415,1364805
CU,31,13,h31v13,2084415,1364805,2234415,1214805
CU,31,14,h31v14,2084415,1214805,2234415,1064805
CU,31,15,h31v15,2084415,1064805,2234415,914805
CU,31,16,h31v16,2084415,914805,2234415,764805
CU,31,17,h31v17,2084415,764805,2234415,614805
CU,31,18,h31v18,2084415,614805,2234415,464805
CU,31,19,h31v19,2084415,464805,2234415,314805
CU,31,2,h31v2,2084415,3014805,2234415,2864805
CU,31,20,h31v20,2084415,314805,2234415,164805
CU,31,21,h31v21,2084415,164805,2234415,14805
CU,31,3,h31v3,2084415,2864805,2234415,2714805
CU,31,4,h31v4,2084415,2714805,2234415,2564805
CU,31,5,h31v5,2084415,2564805,2234415,2414805
CU,31,6,h31v6,2084415,2414805,2234415,2264805
CU,31,7,h31v7,2084415,2264805,2234415,2114805
CU,31,8,h31v8,2084415,2114805,2234415,1964805
CU,31,9,h31v9,2084415,1964805,2234415,1814805
CU,32,0,h32v0,2234415,3314805,2384415,3164805
CU,32,1,h32v1,2234415,3164805,2384415,3014805
CU,32,10,h32v10,2234415,1814805,2384415,1664805
CU,32,11,h32v11,2234415,1664805,2384415,1514805
CU,32,12,h32v12,2234415,1514805,2384415,1364805
CU,32,13,h32v13,2234415,1364805,2384415,1214805
CU,32,14,h32v14,2234415,1214805,2384415,1064805
CU,32,15,h32v15,2234415,1064805,2384415,914805
CU,32,16,h32v16,2234415,914805,2384415,764805
CU,32,17,h32v17,2234415,764805,2384415,614805
CU,32,18,h32v18,2234415,614805,2384415,464805
CU,32,19,h32v19,2234415,464805,2384415,314805
CU,32,2,h32v2,2234415,3014805,2384415,2864805
CU,32,20,h32v20,2234415,314805,2384415,164805
CU,32,21,h32v21,2234415,164805,2384415,14805
CU,32,3,h32v3,2234415,2864805,2384415,2714805
CU,32,4,h32v4,2234415,2714805,2384415,2564805
CU,32,5,h32v5,2234415,2564805,2384415,2414805
CU,32,6,h32v6,2234415,2414805,2384415,2264805
CU,32,7,h32v7,2234415,2264805,2384415,2114805
CU,32,8,h32v8,2234415,2114805,2384415,1964805
CU,32,9,h32v9,2234415,1964805,2384415,1814805
CU,3,0,h3v0,-2115585,3314805,-1965585,3164805
CU,3,1,h3v1,-2115585,3164805,-1965585,3014805
CU,3,10,h3v10,-2115585,1814805,-1965585,1664805
CU,3,11,h3v11,-2115585,1664805,-1965585,1514805
CU,3,12,h3v12,-2115585,1514805,-1965585,1364805
CU,3,13,h3v13,-2115585,1364805,-1965585,1214805
CU,3,14,h3v14,-2115585,1214805,-1965585,1064805
CU,3,15,h3v15,-2115585,1064805,-1965585,914805
CU,3,16,h3v16,-2115585,914805,-1965585,764805
CU,3,17,h3v17,-2115585,764805,-1965585,614805
CU,3,18,h3v18,-2115585,614805,-1965585,464805
CU,3,19,h3v19,-2115585,464805,-1965585,314805
CU,3,2,h3v2,-2115585,3014805,-1965585,2864805
CU,3,20,h3v20,-2115585,314805,-1965585,164805
CU,3,21,h3v21,-2115585,164805,-1965585,14805
CU,3,3,h3v3,-2115585,2864805,-1965585,2714805
CU,3,4,h3v4,-2115585,2714805,-1965585,2564805
CU,3,5,h3v5,-2115585,2564805,-1965585,2414805
CU,3,6,h3v6,-2115585,2414805,-1965585,2264805
CU,3,7,h3v7,-2115585,2264805,-1965585,2114805
CU,3,8,h3v8,-2115585,2114805,-1965585,1964805
CU,3,9,h3v9,-2115585,1964805,-1965585,1814805
CU,4,0,h4v0,-1965585,3314805,-1815585,3164805
CU,4,1,h4v1,-1965585,3164805,-1815585,3014805
CU,4,10,h4v10,-1965585,1814805,-1815585,1664805
CU,4,11,h4v11,-1965585,1664805,-1815585,1514805
CU,4,12,h4v12,-1965585,1514805,-1815585,1364805
CU,4,13,h4v13,-1965585,1364805,-1815585,1214805
CU,4,14,h4v14,-1965585,1214805,-1815585,1064805
CU,4,15,h4v15,-1965585,1064805,-1815585,914805
CU,4,16,h4v16,-1965585,914805,-1815585,764805
CU,4,17,h4v17,-1965585,764805,-1815585,614805
CU,4,18,h4v18,-1965585,614805,-1815585,464805
CU,4,19,h4v19,-1965585,464805,-1815585,314805
CU,4,2,h4v2,-1965585,3014805,-1815585,2864805
CU,4,20,h4v20,-1965585,314805,-1815585,164805
CU,4,21,h4v21,-1965585,164805,-1815585,14805
CU,4,3,h4v3,-1965585,2864805,-1815585,2714805
CU,4,4,h4v4,-1965585,2714805,-1815585,2564805
CU,4,5,h4v5,-1965585,2564805,-1815585,2414805
CU,4,6,h4v6,-1965585,2414805,-1815585,2264805
CU,4,7,h4v7,-1965585,2264805,-1815585,2114805
CU,4,8,h4v8,-1965585,2114805,-1815585,1964805
CU,4,9,h4v9,-1965585,1964805,-1815585,1814805
CU,5,0,h5v0,-1815585,3314805,-1665585,3164805
CU,5,1,h5v1,-1815585,3164805,-1665585,3014805
CU,5,10,h5v10,-1815585,1814805,-1665585,1664805
CU,5,11,h5v11,-1815585,1664805,-1665585,1514805
CU,5,12,h5v12,-1815585,1514805,-1665585,1364805
CU,5,13,h5v13,-1815585,1364805,-1665585,1214805
CU,5,14,h5v14,-1815585,1214805,-1665585,1064805
CU,5,15,h5v15,-1815585,1064805,-1665585,914805
CU,5,16,h5v16,-1815585,914805,-1665585,764805
CU,5,17,h5v17,-1815585,764805,-1665585,614805
CU,5,18,h5v18,-1815585,614805,-1665585,464805
CU,5,19,h5v19,-1815585,464805,-1665585,314805
CU,5,2,h5v2,-1815585,3014805,-1665585,2864805
CU,5,20,h5v20,-1815585,314805,-1665585,164805
CU,5,21,h5v21,-1815585,164805,-1665585,14805
CU,5,3,h5v3,-1815585,2864805,-1665585,2714805
CU,5,4,h5v4,-1815585,2714805,-1665585,2564805
CU,5,5,h5v5,-1815585,2564805,-1665585,2414805
CU,5,6,h5v6,-1815585,2414805,-1665585,2264805
CU,5,7,h5v7,-1815585,2264805,-1665585,2114805
CU,5,8,h5v8,-1815585,2114805,-1665585,1964805
CU,5,9,h5v9,-1815585,1964805,-1665585,1814805
CU,6,0,h6v0,-1665585,3314805,-1515585,3164805
CU,6,1,h6v1,-1665585,3164805,-1515585,3014805
CU,6,10,h6v10,-1665585,1814805,-1515585,1664805
CU,6,11,h6v11,-1665585,1664805,-1515585,1514805
CU,6,12,h6v12,-1665585,1514805,-1515585,1364805
CU,6,13,h6v13,-1665585,1364805,-1515585,1214805
CU,6,14,h6v14,-1665585,1214805,-1515585,1064805
CU,6,15,h6v15,-1665585,1064805,-1515585,914805
CU,6,16,h6v16,-1665585,914805,-1515585,764805
CU,6,17,h6v17,-1665585,764805,-1515585,614805
CU,6,18,h6v18,-1665585,614805,-1515585,464805
CU,6,19,h6v19,-1665585,464805,-1515585,314805
CU,6,2,h6v2,-1665585,3014805,-1515585,2864805
CU,6,20,h6v20,-1665585,314805,-1515585,164805
CU,6,21,h6v21,-1665585,164805,-1515585,14805
CU,6,3,h6v3,-1665585,2864805,-1515585,2714805
CU,6,4,h6v4,-1665585,2714805,-1515585,2564805
CU,6,5,h6v5,-1665585,2564805,-1515585,2414805
CU,6,6,h6v6,-1665585,2414805,-1515585,2264805
CU,6,7,h6v7,-1665585,2264805,-1515585,2114805
CU,6,8,h6v8,-1665585,2114805,-1515585,1964805
CU,6,9,h6v9,-1665585,1964805,-1515585,1814805
CU,7,0,h7v0,-1515585,3314805,-1365585,3164805
CU,7,1,h7v1,-1515585,3164805,-1365585,3014805
CU,7,10,h7v10,-1515585,1814805,-1365585,1664805
CU,7,11,h7v11,-1515585,1664805,-1365585,1514805
CU,7,12,h7v12,-1515585,1514805,-1365585,1364805
CU,7,13,h7v13,-1515585,1364805,-1365585,1214805
CU,7,14,h7v14,-1515585,1214805,-1365585,1064805
CU,7,15,h7v15,-1515585,1064805,-1365585,914805
CU,7,16,h7v16,-1515585,914805,-1365585,764805
CU,7,17,h7v17,-1515585,764805,-1365585,614805
CU,7,18,h7v18,-1515585,614805,-1365585,464805
CU,7,19,h7v19,-1515585,464805,-1365585,314805
CU,7,2,h7v2,-1515585,3014805,-1365585,2864805
CU,7,20,h7v20,-1515585,314805,-1365585,164805
CU,7,21,h7v21,-1515585,164805,-1365585,14805
CU,7,3,h7v3,-1515585,2864805,-1365585,2714805
CU,7,4,h7v4,-1515585,2714805,-1365585,2564805
CU,7,5,h7v5,-1515585,2564805,-1365585,2414805
CU,7,6,h7v6,-1515585,2414805,-1365585,2264805
CU,7,7,h7v7,-1515585,2264805,-1365585,2114805
CU,7,8,h7v8,-1515585,2114805,-1365585,1964805
CU,7,9,h7v9,-1515585,1964805,-1365585,1814805
CU,8,0,h8v0,-1365585,3314805,-1215585,3164805
CU,8,1,h8v1,-1365585,3164805,-1215585,3014805
CU,8,10,h8v10,-1365585,1814805,-1215585,1664805
CU,8,11,h8v11,-1365585,1664805,-1215585,1514805
CU,8,12,h8v12,-1365585,1514805,-1215585,1364805
CU,8,13,h8v13,-1365585,1364805,-1215585,1214805
CU,8,14,h8v14,-1365585,1214805,-1215585,1064805
CU,8,15,h8v15,-1365585,1064805,-1215585,914805
CU,8,16,h8v16,-1365585,914805,-1215585,764805
CU,8,17,h8v17,-1365585,764805,-1215585,614805
CU,8,18,h8v18,-1365585,614805,-1215585,464805
CU,8,19,h8v19,-1365585,464805,-1215585,314805
CU,8,2,h8v2,-1365585,3014805,-1215585,2864805
CU,8,20,h8v20,-1365585,314805,-1215585,164805
CU,8,21,h8v21,-1365585,164805,-1215585,14805
CU,8,3,h8v3,-1365585,2864805,-1215585,2714805
CU,8,4,h8v4,-1365585,2714805,-1215585,2564805
CU,8,5,h8v5,-1365585,2564805,-1215585,2414805
CU,8,6,h8v6,-1365585,2414805,-1215585,2264805
CU,8,7,h8v7,-1365585,2264805,-1215585,2114805
CU,8,8,h8v8,-1365585,2114805,-1215585,1964805
CU,8,9,h8v9,-1365585,1964805,-1215585,1814805
CU,9,0,h9v0,-1215585,3314805,-1065585,3164805
CU,9,1,h9v1,-1215585,3164805,-1065585,3014805
CU,9,10,h9v10,-1215585,1814805,-1065585,1664805
CU,9,11,h9v11,-1215585,1664805,-1065585,1514805
CU,9,12,h9v12,-1215585,1514805,-1065585,1364805
CU,9,13,h9v13,-1215585,1364805,-1065585,1214805
CU,9,14,h9v14,-1215585,1214805,-1065585,1064805
CU,9,15,h9v15,-1215585,1064805,-1065585,914805
CU,9,16,h9v16,-1215585,914805,-1065585,764805
CU,9,17,h9v17,-1215585,764805,-1065585,614805
CU,9,18,h9v18,-1215585,614805,-1065585,464805
CU,9,19,h9v19,-1215585,464805,-1065585,314805
CU,9,2,h9v2,-1215585,3014805,-1065585,2864805
CU,9,20,h9v20,-1215585,314805,-1065585,164805
CU,9,21,h9v21,-1215585,164805,-1065585,14805
CU,9,3,h9v3,-1215585,2864805,-1065585,2714805
CU,9,4,h9v4,-1215585,2714805,-1065585,2564805
CU,9,5,h9v5,-1215585,2564805,-1065585,2414805
CU,9,6,h9v6,-1215585,2414805,-1065585,2264805
CU,9,7,h9v7,-1215585,2264805,-1065585,2114805
CU,9,8,h9v8,-1215585,2114805,-1065585,1964805
CU,9,9,h9v9,-1215585,1964805,-1065585,1814805
